id;blob_id;priority;uid;size;name;file_name;url;status;thumb_url;percent;type;default_ind;active_flag;last_modified;last_modified_date
1;scalable;88054;Fresh networks;36340;virtual orchid;Bike Virginia;https://jason.net;driver impactful;protocol sticky;61385;Cotton hard drive;false;true;Home Loan Account Robust user-facing;2020-07-17T09:55:31
2;Supervisor methodologies;5776;Concrete;27208;New Caledonia;Tasty Steel Gloves seize;http://tyrese.biz;Gorgeous Soft Car;Avon;15098;parse Steel;true;true;systems Outdoors methodology;2020-07-17T10:15:30
3;Pula Mozambique;3960;Pizza mint green;3172;application;Armenian Dram Latvia;https://wava.org;Programmable application Home Loan Account;Harbor Human intuitive;54893;Gorgeous Metal Bacon withdrawal;true;true;sky blue tertiary algorithm;2020-07-17T12:57:03
4;Functionality;65183;matrices Books;84872;plug-and-play mission-critical convergence;Sports;https://berniece.info;online Direct;protocol software;57961;Steel Park;false;false;Avon European Monetary Unit (E.M.U.-6) Forward;2020-07-17T21:43:16
5;info-mediaries;97675;Optimization aggregate;74747;Home Loan Account Berkshire Pre-emptive;contingency Personal Loan Account Factors;http://ford.com;Home Loan Account stable;Checking Account indexing Cotton;50606;Technician Tasty Frozen Towels;false;true;Berkshire;2020-07-18T07:21:05
6;THX Aruban Guilder;40734;applications Usability;46408;utilisation;payment;http://frederick.org;white;Table Japan;65293;panel turquoise Handmade Metal Soap;true;false;Baby Tools;2020-07-17T16:45:12
7;Kansas Fish compressing;87034;compress Michigan Isle of Man;48198;local area network invoice microchip;Investment Account;http://godfrey.info;hacking Village Licensed;override pixel Functionality;74373;firewall payment challenge;true;true;Web;2020-07-17T21:44:55
8;bus Handmade;41199;index Wooden;15377;Up-sized withdrawal Landing;Forint;http://verda.org;Awesome Fresh Cheese Barbados;driver;56491;Facilitator;false;false;bus Savings Account calculate;2020-07-17T16:45:44
9;open system port;80789;Turkey front-end hack;8232;Checking Account parse impactful;Kwanza functionalities Borders;http://vergie.org;panel neural transmitting;generate envisioneer;14127;Buckinghamshire;false;false;Soap Nevada Assurance;2020-07-18T00:14:05
10;Gorgeous Kansas;81195;deposit embrace;32476;Gorgeous;navigate invoice;http://darion.net;Bolivar Fuerte zero defect;sexy;71182;Junctions Direct;true;true;Keyboard Car;2020-07-17T15:05:20
